HOJA,HOJA_jpg
J-29-C-1-O-6,fotos_2021/J-29-C-1-O-6.jpg
J-29-C-1-O-9,fotos_2021/J-29-C-1-O-9.jpg
J-29-C-1-P-4,fotos_2021/J-29-C-1-P-4.jpg
J-29-C-1-P-5,fotos_2021/J-29-C-1-P-5.jpg
J-29-C-1-P-6,fotos_2021/J-29-C-1-P-6.jpg
J-29-C-1-P-7,fotos_2021/J-29-C-1-P-7.jpg
J-29-C-1-P-8,fotos_2021/J-29-C-1-P-8.jpg
J-29-C-1-P-9,fotos_2021/J-29-C-1-P-9.jpg
J-29-C-2-O-4,fotos_2021/J-29-C-2-O-4.jpg
J-29-C-2-O-5,fotos_2021/J-29-C-2-O-5.jpg
J-29-C-2-O-6,fotos_2021/J-29-C-2-O-6.jpg
J-29-C-2-O-7,fotos_2021/J-29-C-2-O-7.jpg
J-29-C-2-O-8,fotos_2021/J-29-C-2-O-8.jpg
J-29-C-2-O-9,fotos_2021/J-29-C-2-O-9.jpg
J-29-C-2-P-4,fotos_2021/J-29-C-2-P-4.jpg
J-29-C-2-P-5,fotos_2021/J-29-C-2-P-5.jpg
J-29-C-2-P-6,fotos_2021/J-29-C-2-P-6.jpg
J-29-C-2-P-7,fotos_2021/J-29-C-2-P-7.jpg
J-29-C-2-P-8,fotos_2021/J-29-C-2-P-8.jpg
J-29-C-2-P-9,fotos_2021/J-29-C-2-P-9.jpg
J-29-C-3-O-4,fotos_2021/J-29-C-3-O-4.jpg
J-29-C-3-O-7,fotos_2021/J-29-C-3-O-7.jpg
J-29-C-3-O-8,fotos_2021/J-29-C-3-O-8.jpg
J-29-C-3-O-9,fotos_2021/J-29-C-3-O-9.jpg
J-29-C-4-M-3,fotos_2021/J-29-C-4-M-3.jpg
J-29-C-4-M-6,fotos_2021/J-29-C-4-M-6.jpg
J-29-C-4-M-9,fotos_2021/J-29-C-4-M-9.jpg
J-29-C-4-N-1,fotos_2021/J-29-C-4-N-1.jpg
J-29-C-4-N-2,fotos_2021/J-29-C-4-N-2.jpg
J-29-C-4-N-3,fotos_2021/J-29-C-4-N-3.jpg
J-29-C-4-N-4,fotos_2021/J-29-C-4-N-4.jpg
J-29-C-4-N-5,fotos_2021/J-29-C-4-N-5.jpg
J-29-C-4-N-6,fotos_2021/J-29-C-4-N-6.jpg
J-29-C-4-N-7,fotos_2021/J-29-C-4-N-7.jpg
J-29-C-4-N-8,fotos_2021/J-29-C-4-N-8.jpg
J-29-C-4-N-9,fotos_2021/J-29-C-4-N-9.jpg
J-29-C-4-O-3,fotos_2021/J-29-C-4-O-3.jpg
J-29-C-4-O-6,fotos_2021/J-29-C-4-O-6.jpg
J-29-C-4-O-9,fotos_2021/J-29-C-4-O-9.jpg
J-29-C-4-P-1,fotos_2021/J-29-C-4-P-1.jpg
J-29-C-4-P-2,fotos_2021/J-29-C-4-P-2.jpg
J-29-C-4-P-3,fotos_2021/J-29-C-4-P-3.jpg
J-29-C-4-P-4,fotos_2021/J-29-C-4-P-4.jpg
J-29-C-4-P-5,fotos_2021/J-29-C-4-P-5.jpg
J-29-C-4-P-7,fotos_2021/J-29-C-4-P-7.jpg
J-29-C-5-M-1,fotos_2021/J-29-C-5-M-1.jpg
J-29-C-5-M-2,fotos_2021/J-29-C-5-M-2.jpg
J-29-C-5-M-3,fotos_2021/J-29-C-5-M-3.jpg
J-29-C-5-M-4,fotos_2021/J-29-C-5-M-4.jpg
J-29-C-5-M-5,fotos_2021/J-29-C-5-M-5.jpg
J-29-C-5-M-6,fotos_2021/J-29-C-5-M-6.jpg
J-29-C-5-M-7,fotos_2021/J-29-C-5-M-7.jpg
J-29-C-5-M-8,fotos_2021/J-29-C-5-M-8.jpg
J-29-C-5-M-9,fotos_2021/J-29-C-5-M-9.jpg
J-29-C-5-N-1,fotos_2021/J-29-C-5-N-1.jpg
J-29-C-5-N-2,fotos_2021/J-29-C-5-N-2.jpg
J-29-C-5-N-3,fotos_2021/J-29-C-5-N-3.jpg
J-29-C-5-N-4,fotos_2021/J-29-C-5-N-4.jpg
J-29-C-5-N-5,fotos_2021/J-29-C-5-N-5.jpg
J-29-C-5-N-6,fotos_2021/J-29-C-5-N-6.jpg
J-29-C-5-N-7,fotos_2021/J-29-C-5-N-7.jpg
J-29-C-5-N-8,fotos_2021/J-29-C-5-N-8.jpg
J-29-C-5-N-9,fotos_2021/J-29-C-5-N-9.jpg
J-29-C-5-O-1,fotos_2021/J-29-C-5-O-1.jpg
J-29-C-5-O-2,fotos_2021/J-29-C-5-O-2.jpg
J-29-C-5-O-3,fotos_2021/J-29-C-5-O-3.jpg
J-29-C-5-P-1,fotos_2021/J-29-C-5-P-1.jpg
J-29-C-5-P-2,fotos_2021/J-29-C-5-P-2.jpg
J-29-C-6-M-1,fotos_2021/J-29-C-6-M-1.jpg
J-29-C-6-M-2,fotos_2021/J-29-C-6-M-2.jpg
J-29-C-6-M-3,fotos_2021/J-29-C-6-M-3.jpg
J-29-C-6-M-4,fotos_2021/J-29-C-6-M-4.jpg
J-29-C-6-M-5,fotos_2021/J-29-C-6-M-5.jpg
